<application>
  <component name="FileTypeManager" version="17">
    <ignoreFiles list="*.hprof;*.pyc;*.pyo;*.rbc;*.yarb;*iml;*~;.DS_Store;.classpath;.git;.gitignore;.hg;.idea;.project;.rebel.xml.bak;.settings;.svn;CVS;__pycache__;_svn;rebel.xml;target;vssver.scc;vssver2.scc;" />
    <extensionMap>
      <mapping ext="ftl" type="PLAIN_TEXT" />
      <mapping ext="fnc" type="DBN-PSQL" />
      <mapping ext="pkb" type="DBN-PSQL" />
      <mapping ext="pkg" type="DBN-PSQL" />
      <mapping ext="pks" type="DBN-PSQL" />
      <mapping ext="prc" type="DBN-PSQL" />
      <mapping ext="tpb" type="DBN-PSQL" />
      <mapping ext="tpe" type="DBN-PSQL" />
      <mapping ext="tps" type="DBN-PSQL" />
      <mapping ext="trg" type="DBN-PSQL" />
      <mapping ext="vw" type="DBN-SQL" />
    </extensionMap>
  </component>
</application>